reform_timing,covid_resilience,resilience_se,resilience_pvalue,n_obs,n_states,baseline_covid_effect
Late Reformer (≥2021),-1.4814494137003893,0.5973190766977624,0.01466184465186381,111,37,-1.4814494137003864
Mid Reformer (2018-2020),-0.4476390836914166,1.1819587191766148,0.7090898303781992,21,7,-0.4476390836914211
