reform_timing,covid_resilience,resilience_se,resilience_pvalue,n_obs,n_states,baseline_covid_effect
Late Reformer (≥2021),-0.5797732331917219,0.7166762119489245,0.4202917530084046,111,37,-0.5797732331917191
Mid Reformer (2018-2020),-0.5123346256184235,1.3710812413784499,0.7127853791079404,21,7,-0.5123346256184274
