,coefficient,std_error,p_value
post_treatment,1.7233446260682574,0.9758822680743957,0.07740675909842443
post_covid,3.938659968344095,0.27702284848377035,7.103515848579129e-46
treatment_x_covid,-1.8771811107657994,1.0076574894047925,0.06247410613144956
