reform_timing,covid_resilience,resilience_se,resilience_pvalue,n_obs,n_states,baseline_covid_effect
Late Reformer (≥2021),-2.494144407210185,0.49820295259308744,2.1486959861686124e-06,111,37,-2.4941444072101815
Mid Reformer (2018-2020),-1.7335025389634535,0.8965939264614532,0.06822352851416649,21,7,-1.7335025389634588
