reform_timing,covid_resilience,resilience_se,resilience_pvalue,n_obs,n_states,baseline_covid_effect
Late Reformer (≥2021),-0.8552964900997374,0.5253065143647206,0.10637266124005358,111,37,-0.8552964900997356
Mid Reformer (2018-2020),-1.2690435463318117,0.7455941736953178,0.1050508201413959,21,7,-1.2690435463318153
