outcome,iv_coefficient,iv_std_error,first_stage_f,first_stage_p,n_obs,weak_instruments
math_grade4_gap,-1.9242175618917083,2.5959795067052895,12.118604651162801,1.3438806799588073e-05,150,False
math_grade8_gap,4.125503529066094,2.7698390391769214,12.118604651162801,1.3438806799588073e-05,150,False
reading_grade4_gap,-5.826269397260899,3.5810905846099925,12.118604651162801,1.3438806799588073e-05,150,False
reading_grade8_gap,-3.7088709829555975,3.009541473349589,12.118604651162801,1.3438806799588073e-05,150,False
