outcome,loso_mean,loso_std,loso_range,cluster_state_se,cluster_region_se,cluster_robust_se,permutation_pvalue,spec_curve_n,spec_curve_significant,spec_curve_range
mathematics_grade4_swd_score,0.6897418708798934,0.17603247826828963,"[0.200, 1.288]",1.4507550168412335,1.3013509937371661,1.1675086264215444,0.582,4,0,"[0.689, 0.689]"
mathematics_grade4_non_swd_score,0.4216203381338411,0.10713375636082505,"[0.199, 0.785]",0.8818445719275706,1.1445490460383358,0.6740924335229252,0.518,4,0,"[0.422, 0.422]"
mathematics_grade4_gap,-0.26812153274605705,0.15627932890296325,"[-0.917, 0.127]",1.2866476189318141,1.02259489269118,1.0353814888954382,0.752,4,0,"[-0.268, -0.268]"
