outcome,twfe_coef,twfe_se,twfe_pval,twfe_n,event_avg_coef,event_n,cs_att,cs_se,cs_pval,cs_cohorts
mathematics_grade4_swd_score,0.6894354304313808,0.9388589176887956,0.4627455863564157,150,-0.19501712591290135,150,4.068051573983625,1.3253156738918233,0.015359642245928118,9
mathematics_grade4_non_swd_score,0.4216510568367706,0.5420753887697857,0.4366599321257071,150,-1.010523106930698,150,4.068412038495101,0.6638855709567535,0.0002806334247353881,9
mathematics_grade4_gap,-0.26778437359464724,0.8326081041806376,0.7477397212841612,150,-0.8155059810177837,150,0.0003604645114683416,1.2728713854354496,0.9997809813730199,9
reading_grade4_swd_score,0.9970873410772505,1.5178776944825214,0.5112479788799069,150,-0.4644078415662298,150,3.4146426029466936,1.9289914129979062,0.11465642360293016,9
reading_grade4_non_swd_score,0.15301864674166588,0.713909184504673,0.8302826349166508,150,-1.267956522734938,150,5.065640580605805,0.8642103709264239,0.0003777883989550812,9
