outcome,twfe_coef,twfe_se,twfe_pval,twfe_n,event_avg_coef,event_n,cs_att,cs_se,cs_pval,cs_cohorts
math_grade4_swd_score,-0.16821303089614892,1.0391370744250703,0.8714022312259956,150,-0.5672927915862273,150,0.09628704769056841,1.3967026007980994,0.9463973455760923,11
math_grade4_non_swd_score,0.4572943131689735,0.5858944273823813,0.43509289919499894,150,-0.4681365262097164,150,0.5992329312531554,0.6476639404683285,0.37663791750014464,11
math_grade4_gap,0.62550734406508,0.8821534019378063,0.47828186072740486,150,0.09915626537651234,150,0.502945883562592,1.156416160105543,0.6728581579547765,11
math_grade8_swd_score,-2.1386032358433376,1.092980618235924,0.050386187755378564,150,-0.2583939846054883,150,4.907881450771418e-05,1.3422803238631174,0.9999715454695179,11
math_grade8_non_swd_score,-1.5355452364909787,0.4504984715699851,0.0006530982152631262,150,-0.26868451130129795,150,-0.4180726428933504,0.5899241536974401,0.4947066605682573,11
