outcome,loso_mean,loso_std,loso_range,cluster_state_se,cluster_region_se,cluster_robust_se,permutation_pvalue,spec_curve_n,spec_curve_significant,spec_curve_range
math_grade4_swd_score,-0.16797071466296248,0.20020777788558444,"[-0.747, 0.500]",1.6122367296524789,1.486570936604601,1.2922085262951717,0.888,4,0,"[-0.168, -0.168]"
math_grade4_non_swd_score,0.4573247948557376,0.11879584680457055,"[0.180, 0.923]",0.9567731078406957,0.8315685853705619,0.7285831611688324,0.448,4,0,"[0.457, 0.457]"
math_grade4_gap,0.6252955095186946,0.1687004786193004,"[-0.064, 1.221]",1.3608751644641564,0.7812820357719971,1.0969930488862798,0.516,4,0,"[0.626, 0.626]"
